category;subcategory;sentence;paraphrase;source
leksikalno_parafraziranje;zamenjava_sopomenk;"Kako dolgo bo trajala ""vročica"" igre Pokémon GO? ";Koliko časa menite, da bo ta trend igre Pokémon GO trajal?;quora
leksikalno_parafraziranje;zamenjava_sopomenk;Kaj menijo pakistanski ljudje o napadu v Uriju 18. septembra 2016?;Kaj menijo prebivalci Pakistana o napadu v Uriju 18.septembra 2016?;quora
leksikalno_parafraziranje;zamenjava_sopomenk;Kako postati scenarist Bollywooda?;Kako lahko nekdo postane besedilopisec Bollywooda?;quora
leksikalno_parafraziranje;zamenjava_sopomenk;Marx je rekel ‘Religija je opij ljudstva’, zakaj so torej indijske komunistične stranke postale proti-Hindu?;Zakaj so indijski levičarji imenovani proti-Hindujcem, ko je komunistična ideologija proti vsem religijam?;quora
leksikalno_parafraziranje;zamenjava_sopomenk;Zakaj se kastni sistem vztrajno ohranja v Indiji?;Zakaj se kastna ureditev vztrajno ohranja v Indiji?;quora
leksikalno_parafraziranje;zamenjava_sopomenk;Ali je res, da bodo nove indijske bankovce v vrednosti 2000 rupij vsebovale nano GPS čip?;Koliko je resnice, da so novi visokovalutni bankovci Indije vgrajeni z GPS nano čipi?;quora
leksikalno_parafraziranje;zamenjava_sopomenk;Zakaj je v naši Bollywood filmski industriji toliko muslimanov?;Zakaj je v hindujski filmski industriji toliko muslimanov?;quora
leksikalno_parafraziranje;zamenjava_sopomenk;Kdo bo zmagal na Svetovnem prvenstvu 2014?;Kdo si bo priboril naslov svetovnega prvaka leta 2014?;quora
leksikalno_parafraziranje;zamenjava_sopomenk;Kolikšen odstotek populacije ima dve različno obarvani očesi?;Kolikšen odstotek populacije ima heterokromijo iridum (dve različno obarvani očesi)?;quora
leksikalno_parafraziranje;zamenjava_sopomenk;Kako pridobiti zaslužek z uporabo mobilne aplikacije?;Na kakšen način lahko prek aplikacije ustvarimo dohodek?;quora
leksikalno_parafraziranje;zamenjava_sopomenk;Kateri je najbolj zabaven štos, kar ste ga kdaj slišali?;Kateri je najduhovitejši hec, ki vam je ostal v spominu?;quora
leksikalno_parafraziranje;zamenjava_sopomenk;Zakaj pri določenih odgovorih ni omogočena funkcija komentiranja?;Zakaj nekateri odgovori niso opremljeni z možnostjo za oddajo komentarja?;quora
leksikalno_parafraziranje;zamenjava_sopomenk;Kateri je priznani administrativni jezik Indije?;Kateri je državni jezik, ki ga uporablja večina prebivalstva v Indiji?;quora
leksikalno_parafraziranje;zamenjava_sopomenk;Na katere načine se lahko izkoristijo mikroorganizmi?;Kako lahko mikrobi pripomorejo k določenim procesom?;quora
leksikalno_parafraziranje;zamenjava_sopomenk;Kako bo ukinitev bankovcev za 500 in 1000 rupij vplivala na trg z nepremičninami?;Kakšne posledice ima razveljavitev veljavnosti 500- in 1000-rupijskih bankovcev za indijski trg nepremičnin?;quora
leksikalno_parafraziranje;zamenjava_sopomenk;Katera mobilna programska oprema je najprimernejša za brezplačen prenos filmov?;Kateri digitalni pripomočki omogočajo najboljše brezplačno nalaganje filmov?;quora
leksikalno_parafraziranje;zamenjava_sopomenk;Ali kriketisti dejansko uživajo čaj med čajnim premorom?;Je res, da športniki v kriketu med čajnimi odmori pijejo čaj?;quora
leksikalno_parafraziranje;zamenjava_sopomenk;ja, to je lokalni norček, kajne?;ja, lokalni čudak, kajne?;paranmt_small
leksikalno_parafraziranje;zamenjava_sopomenk;Shedao Shai je okleval za sekundo, komaj srčni utrip, pustil, da ga preplavi strah pred bogokletstvom.;Shedao Shai je okleval za trenutek, komaj en utrip srca, in si dovolil, da se je navadil na svoj strah pred bogokletstvom.;paranmt_small
leksikalno_parafraziranje;zamenjava_sopomenk;Brez drame in brez da bi koga prizadel.;Brez drame in brez škode za druge ljudi.;paranmt_small
leksikalno_parafraziranje;zamenjava_sopomenk;No, vidim, da si pokonci, babica.;Vidim, da si budna, babica.;paranmt_small
leksikalno_parafraziranje;zamenjava_sopomenk;Garth je bil prijazen svet, čeprav je bil izoliran daleč od drugih zemeljskih naselij.;Garth je bil prijazen svet, čeprav daleč od preostalih svetovnih kolonij.;paranmt_small
leksikalno_parafraziranje;zamenjava_sopomenk;"Tkanina, najdena na prizorišču, je bila bombažna z umetnimi polimeri; barva: olivno zelena. ";"Tkanina, najdena na kraju dogajanja, je bila bombažna s sintetičnimi polimeri; barva: olivno zelena.";paranmt_small
leksikalno_parafraziranje;zamenjava_sopomenk;In poskrbel bom, da boste ustrezno nagrajeni za svojo predanost.;In poskrbel bom, da boste primerno nagrajeni za svojo zavzetost.;paranmt_small
leksikalno_parafraziranje;zamenjava_sopomenk;Jame predstvljajo ugodno mesto za ohranjanje kosti, zaradi svoje stabilne temperature in vlage.;Jame predstavljajo optimalno mesto za ohranjanje okostja, zaradi svoje stalne temperature in vlažnosti.;paranmt_small
leksikalno_parafraziranje;zamenjava_sopomenk;Odgovoren sem za postopek odobritve v moji agenciji.;Zadolžen sem za proces potrditve v svoji organizaciji.;microsoft_msr
leksikalno_parafraziranje;zamenjava_sopomenk;Zagon na trgu se še naprej premika v našo smer, je dejal o svojem podjetju, nekoč imenovanem Caldera Systems.;Razmah na trgu se še naprej giblje v našo smer, je povedal o svojem podjetju, nekoč imenovanem Caldera Systems.;microsoft_msr
leksikalno_parafraziranje;zamenjava_sopomenk;Vse je bilo odločeno vnaprej, je dejan eden od moških, Thierry Falise, belgijski fotograf, ko je prispel v Bangkok.;Vse je bilo dorečeno predhodno, je rekel eden od moških, Thierry Falise, belgijski umetnik fotografije, ko je prišel v Bangkok.;microsoft_msr
leksikalno_parafraziranje;zamenjava_sopomenk;Dokument navaja: “To poročilo ne poizkuša obravnavati komepleksnosti tega vprašanja.”;Akt govori: “To poročilo se ne trudi obravnavati zapletenosti tega vprašanja.”;microsoft_msr
leksikalno_parafraziranje;zamenjava_sopomenk;Usmerjevalnik bo na voljo v prvem četrtletju leta 2004 in bo stal približno 200 dolarjev, je sporočilo podjetje.;Krmilnik bo na voljo v prvem trimesečju leta 2004 in bo stal okrog 200 dolarjev.;microsoft_msr
leksikalno_parafraziranje;zamenjava_sopomenk;Predlog Dewhursta predvideva nenaden konec spornega načrta “Robin Hood” za financiranje šol.;Predlog Dewhursta predvideva sunkovit konec problematičnega načrta “Robin Hood” za kritje stroškov šol.;microsoft_msr
leksikalno_parafraziranje;antonim_z_negacijo;Ali lahko Brahmini jedo jajca?;Zakaj Brahmini ne jedo nevegetarijanske hrane?;quora
leksikalno_parafraziranje;antonim_z_negacijo;Ali podporniki Trumpa verjamejo njegovim trditvam o davčnih napovedih ali jih preprosto ne zanima?;Ali podporniki Donalda Trumpa dejansko ne skrbijo za njegove davčne napovedi ali jih preprosto tolerirajo in gledajo širšo sliko?;quora
leksikalno_parafraziranje;antonim_z_negacijo;Ali obstaja kakšen dokaz za obstoj Boga?;Ali obstaja kakšen dokaz, da Boga ni?;quora
leksikalno_parafraziranje;antonim_z_negacijo;Kaj bi se zgodilo, če John Lennon ne bi bil ustreljen?;Kaj, če bi bil John Lennon še vedno Živ?;quora
leksikalno_parafraziranje;antonim_z_negacijo;Zakaj Indija dovoljujea uvoz kitajskih izdelkov v Indijo?;Zakaj Indija ne prepove uvoza kitajskih izdelkov kljub političnim razlogom?;quora
leksikalno_parafraziranje;antonim_z_negacijo;Ali se lahko obstoj Boga dokaže z razumom?;Ali se obstoja Boga ne more izpodbiti z znanstveno metodo?;quora
leksikalno_parafraziranje;antonim_z_negacijo;Katero pomembno resnico zavrača večina ljudi?;Katera pomembna resnica ni sprejeta s strani večine?;quora
leksikalno_parafraziranje;antonim_z_negacijo;Kaj se zgodi, če gama žarek zadene naše sonce?;Kaj se zgodi, če gama žarek ne zgreši našega sonca?;quora
leksikalno_parafraziranje;antonim_z_negacijo;Kako lahko obnovim prejšnjo sejo v Google Chrome, ko ponovno odprem brskalnik?;Kako lahko odprem Google Chrome, da ne izgubim prejšnje seje iskanja?;quora
leksikalno_parafraziranje;antonim_z_negacijo;Kako postati bolj pozoren v vsakdanjem življenju?;Kako postati manj nepozoren v vsakdanjem življenju?;quora
leksikalno_parafraziranje;antonim_z_negacijo;Sirska vlada se je vzdržala komentarjev in izjav o dogodku.;Sirske oblasti niso podale uradne izjave o incidentu.;microsoft_msr
leksikalno_parafraziranje;antonim_z_negacijo;Nordstrom širi tudi svoje igralno območje v otroškem oddelku z oblačili, dodaja morske akvarije in dejavnosti.;Nordstrom ne zmanjšuje svojega igralnega prostora v otroškem oddelku, temveč ga širi z dodatki, kot so akvariji in druge dejavnosti.;microsoft_msr
leksikalno_parafraziranje;antonim_z_negacijo;Nato začasno umakne glavo za branje s trdega diska, dokler se sistem ponovno ne stabilizira.;Glava za branje s trdega diska ne ostane aktivna v nestabilnih pogojih, vse dokler sistem po stane stabilen.;microsoft_msr
leksikalno_parafraziranje;antonim_z_negacijo;Gospa Pike je tudi dejala, da ni nenavadno, da bolnišnice zapadejo v primankljaj, vendar bo vlada poskrbela, da bodo ostale stabilne.;Gospa Pike je poudarila, da ni običajno, da bolnišnice ne bi imele finančnih težav, a da vlada ne bo dovolila, da bi postale neučinkovite.;microsoft_msr
leksikalno_parafraziranje;antonim_z_negacijo;Delnice podjetja Nvidia so izgubile 3,46 odstotka in dosegle 16,20 USD na borzi Nasdaq.;Delnice podjetja Nvidia se niso zvišale, temveč so padle na 16,20 USD.;microsoft_msr
leksikalno_parafraziranje;antonim_z_negacijo;Govorec Jerry Cheske je dejal, da so cene morda vplivale na nekatere načrte, vendar so poceni hotelske ponudbe omilile učinek.;Čeprav cene niso ostale nizke, kar bi pustilo načrte nedotaknjene, so ugodne hotelske ponudbe ublažile vpliv.;microsoft_msr
leksikalno_parafraziranje;antonim_z_negacijo;Zelo sem ponosen na državljane te države, je dejal guverner John Baldacci.;Guverner John Baldacci je dejal, da nima nobenih razlogov za razočaranje nad državljani te države.;microsoft_msr
leksikalno_parafraziranje;antonim_z_negacijo;Potem ko so odvetniki Hewitta obvestili ATP, da je bilo ukrepanje predvideno, je izdal še eno izjavo aprila, ki jo je Hewitt dodal k svoji tožbi.;Po tem, ko so Hewittovi odvetniki ATP-ju pojasnili, da ne gre za nepričakovano dejanje, je Hewitt aprila dodal novo izjavo svoji tožbi.;microsoft_msr
leksikalno_parafraziranje;antonim_z_negacijo;Prijave so bile vložene dva dni po tem, ko je Ken Livingstone, župan Londona, trdil, da so policija in varnostne službe preprečile štiri teroristične napade na prestolnico.;"Ken Livingstone je izjavil, da štirje teroristični napadi niso bili izvedeni zahvaljujoč policiji in varnostnim službam; prijave so bile podane dva dni pozneje.";microsoft_msr
leksikalno_parafraziranje;antonim_z_negacijo;Columbia se je razpadla nad Teksasom ob ponovnem vstopu v atmosfero.;Ob vstopu v atmosfero se vesoljsko plovilo Columbia ni uspelo ohraniti v celoti in se je razdrobilo nad Teksasom.;microsoft_msr
leksikalno_parafraziranje;antonim_z_negacijo;Amrozi ni razkril in ni bil vprašan po identiteti svojega šefa.;Amrozi je podatke ohranil zase in bil prost identifikacije svojega šefa.;microsoft_msr
leksikalno_parafraziranje;antonim_z_negacijo;Upoštevaj, Chaka, čeprav sem zdravnik, nisem licenciran zdravnik.;Ampak ne pozabi, Cha-ko, da čeprav sem zdravnik, nisem licenciran zdravnik.;paranmt_small
leksikalno_parafraziranje;antonim_z_negacijo;Ni razumno, je Marsh glasno pritoževal policistom.;Neumnosti, je Marsh glasno pritoževal policistom.;paranmt_small
leksikalno_parafraziranje;antonim_z_negacijo;No, moji starši so izven mesta in v petek zvečer bom imel ljudi pri sebi.;Moji starši niso v mestu in v petek bom imel nekaj ljudi doma.;paranmt_small
leksikalno_parafraziranje;antonim_z_negacijo;Ko sem v taborišču rekel, da bi Daryl morda imel prav, in si me utišal, si me napačno razumel.;Ko sem bil v taborišču in sem rekel, da bi lahko Daryl imel prav, in si me utišal, se nismo prav razumeli.;paranmt_small
leksikalno_parafraziranje;antonim_z_negacijo;Tega ni treba govoriti, to niso javne stvari.;To ohrani zase, to so zasebne stvari.;paranmt_small
leksikalno_parafraziranje;antonim_z_negacijo;Kot sem rekel, ne bom te pustil tam.;Saj sem ti povedal, pridem te iskat.;paranmt_small
leksikalno_parafraziranje;antonim_z_negacijo;V tem prostoru ne skrivamo skrivnosti.;Tukaj smo transparentni in iskreni o vsem.;paranmt_small
leksikalno_parafraziranje;antonim_z_negacijo;Naslednji dan smo ugotovili, da so stvari precej preproste, čeprav so se zdele kompleksne.;Dan po tem smo ugotovili, da stvari niso tako težavne, kot so se zdele.;paranmt_small
leksikalno_parafraziranje;antonim_z_negacijo;To ni nič slabše, kot rezultat prejšnjega leta.;To je enako dobro, kot je bilo v prejšnjem letu.;paranmt_small
leksikalno_parafraziranje;antonim_z_negacijo;Odločil se je zapustiti primer Lorelei Martins.;Odločil se je, da ne bo nadaljeval s primerom Lorelei Martins.;paranmt_small
leksikalno_parafraziranje;hipernim_hiponim;Kako lahko objavim teze o zobozdravstvu v mednarodni knjižnici za teze?;Kako lahko objavim teze o izobraževanju v mednarodni knjižnici za teze?;quora
leksikalno_parafraziranje;hipernim_hiponim;Kako preprečim, da bi moj mešanec Yorkie/Corgi grizel moje čevlje?;Kako preprečim, da bi pes grizel stvari?;quora
leksikalno_parafraziranje;hipernim_hiponim;Kako lahko povečam promet na svoji spletni strani?;Kako lahko povečam promet na svojem blogu?;quora
leksikalno_parafraziranje;hipernim_hiponim;Kako menite, da se Federer, Nadal, Djoković, Murray, Wawrinka, Delpo in Cilic uvrščajo glede na potencial za največje mesto v tenisu?;Kako bi ocenili Federerja, Nadala, Djokovića, Murrayja, Wawrinko, Delpoja in Cilica glede na doseženo veličino in potencialno mesto v zgodovini športa?;quora
leksikalno_parafraziranje;hipernim_hiponim;Kako se učiti o borzi?;Kateri je najboljši način za učenje o investiranju v delnice?;quora
leksikalno_parafraziranje;hipernim_hiponim;Kateri pametni telefoni na trgu so najboljši?;Katere so najboljše razpoložljive tehnološke naprave?;quora
leksikalno_parafraziranje;hipernim_hiponim;Kdo so muslimani Rohingya?;Kdo so ljudje Rohingya?;quora
leksikalno_parafraziranje;hipernim_hiponim;Ali je pomembno, ali so ljudje sebični ali zlobni?;Ali je pomembno, ali je človeštvo zlobno ali ne?;quora
leksikalno_parafraziranje;hipernim_hiponim;Kakšni so nekateri nasveti za študij biologije?;Kakšni so nekateri nasveti za študij naravoslovnih ved?;quora
leksikalno_parafraziranje;hipernim_hiponim;Ali se živali dolgočasijo?;Ali se ptice kdaj dolgočasijo?;quora
leksikalno_parafraziranje;hipernim_hiponim;Ali lahko dodam slike k mojim vprašanjem na Quori?;Ali lahko dodam priponke k mojim vprašanjem na Quori?;quora
leksikalno_parafraziranje;hipernim_hiponim;Koliko bogov se trenutno časti na Zemlji?;Koliko božanstev se trenutno časti na Zemlji?;quora
leksikalno_parafraziranje;hipernim_hiponim;Ali obstajajo nedvoumni dokazi o obstoju tujega življenja v naši galaksiji?;Ali obstajajo jasni dokazi o obstoju inteligentnih nezemeljskih bitij na Rimski cesti?;quora
leksikalno_parafraziranje;hipernim_hiponim;Žrtev, ki ni bila identificirana, je bila odpeljana v bolnišnico Kings Country v kritičnem stanju.;Neznana oseba je bila prepeljana v Kings Country bolnišnico z hudo poškodbo vratu in glave.;microsoft_msr
leksikalno_parafraziranje;hipernim_hiponim;Ravni kortizola v slini so bile najvišje pri otrocih, ki jih je osebje v varstvu ocenilo kot najbolj sramežljive.;Pri otrocih, ki jih vzgojitelji ocenjujejo kot najbolj zadržane, so bile koncentracije kortizola v slini najvišje.;microsoft_msr
leksikalno_parafraziranje;hipernim_hiponim;Kakšni so varnostni ukrepi pri ravnanju s puškami, ki jih predlaga NRA po vsej ZDA, vključno s teritoriji in posestmi?;Kakšni so varnostni ukrepi pri ravnanju s puškami, ki jih predlaga NRA v Idahu?;microsoft_msr
leksikalno_parafraziranje;hipernim_hiponim;Po 26 urah operacije in letu dni pričakovanj so bili fantje v nedeljo premeščeni na Otroški medicinski center v Dallas.;Po dolgotrajnem kirurškem postopku in dolgih pripravah so bili dečki v nedeljo premeščeni v bolnišnico za otroke v Dallasu.;microsoft_msr
leksikalno_parafraziranje;hipernim_hiponim;Nov predlog zakona bi pokril 95 odstotkov zdravil nad 5.100 dolarjev.;Novi zakon bi omogočil, da bi zdravstveno zavarovanje krilo skoraj vse izdatke za dražja zdravila.;microsoft_msr
leksikalno_parafraziranje;hipernim_hiponim;Virus Zahodnega Nila, ki se širi preko okuženih komarjev, je lahko smrten.;Bolezen Vzhodnega Nila, ki se širi preko okuženih živali, je lahko nevarna.;microsoft_msr
leksikalno_parafraziranje;hipernim_hiponim;V Bunii je razporejenih približno 700 vojakov MONUC, vendar sila nima mandata niti kadrov za ustavitev spopadov.;V Bunii je nameščenih približno 700 pripadnikov varnostnih sil ZN, vendar misija nima pooblastil niti osebja za zaustavitev nasilja.;microsoft_msr
leksikalno_parafraziranje;hipernim_hiponim;V prejšnjem letu je predvideval fospodarsko povečanje v višini 5,3% kar znaša približno 154 miljard ameriških dolarjev.;Decembra je pričakoval rast v višini 5,3 odstotka, kar je približno 154 miljard dolarjev.;microsoft_msr
leksikalno_parafraziranje;hipernim_hiponim;V izjavi pozneje je dejal, da se zdi, da je njegova stran morda malo zaostala.;Kasneje je komentiral, da je njegova skupina morda izgubila bitko.;microsoft_msr
leksikalno_parafraziranje;hipernim_hiponim;Vendar FBI ga ni nikol spremljal, kljub temu, da je prejel informacije o pravem dokumentu.;Vendar FBI ga ni nikoli nadzoroval, čeprav so obstajali podatki v razkritem poročilu.;microsoft_msr
leksikalno_parafraziranje;hipernim_hiponim;Galinoporni je južna vas na Cipru, na turško-ciprskem delu polotoka Karpas.;Galinoporni je turška ciprska vas na Cipru, ki se nahaja na južni strani polotoka Karpas.;paws
leksikalno_parafraziranje;hipernim_hiponim;Igral sem poker z dvema janki kapetanoma.;Igral sem poker z Jankiji.;paranmt_small
leksikalno_parafraziranje;hipernim_hiponim;Če bi prišli k tebi in izrazili svoj primer, bi se nam pridružila?;Če bi prišli k tebi in pojasnili svoje argumente za razrešitev, bi se nam pridružila?;paranmt_small
leksikalno_parafraziranje;hipernim_hiponim;Ali ti je malinin sladoled ljubši od limoninega?;Ali ti je ljubši sladoled iz jagodičevja ali iz citrusov?;paranmt_small
leksikalno_parafraziranje;hipernim_hiponim;In stekel je k svojemu sinu, ki je skočil na kup apna, da bi si obarval čevlje na belo.;In stekel je k svojemu otroku, ki je skočil na kup apna, da bi si obarval čevlje na belo.;paranmt_small
leksikalno_parafraziranje;hipernim_hiponim;Piše v zapisniku zračnega prometa nad Babilonom.;Piše v zapisniku letalskih poletov nad Babilonom.;paranmt_small
leksikalno_parafraziranje;hipernim_hiponim;Pomladi prejšnje leto je bilo manj sreče.;Aprila prejšnjega leta je bilo manj sreče.;paranmt_small
leksikalno_parafraziranje;hipernim_hiponim;Ženska je danes privesljala po reki navzgor.;Temnolaska je danes privesljala po reki navzgor.;paranmt_small
sintaktično_parafraziranje;sprememba_vrstnega_reda;Kako se pripravim na ICSE maturo 10. razreda?;Kako se pripravim na maturo razreda 10. ICSE?;quora
sintaktično_parafraziranje;sprememba_vrstnega_reda;Anglija proti Walesu - kdo bo zmagal?;Kdo bo zmagal na tekmi med Anglijo in Walesom?;quora
sintaktično_parafraziranje;sprememba_vrstnega_reda;Kateri DSLR fotoaparat je boljši Nikon D3300 ali Canon EOS 1300D?;Kateri DSLR je boljši, Nikon D5500 ali Canon EOS 60D?;quora
sintaktično_parafraziranje;sprememba_vrstnega_reda;Slab sem v angleški slovnici, kako naj izboljšam svojo slovnico?;Kaj lahko storim, da izboljšam svojo angleško slovnico?;quora
sintaktično_parafraziranje;sprememba_vrstnega_reda;Koliko mehanskih inženirjev diplomira v Indiji na leto?;Koliko mehanskih inženirjev diplomira na leto v Indiji?;quora
sintaktično_parafraziranje;sprememba_vrstnega_reda;Katera je najbolj smešna fotografija, ki je bila kdaj posneta?;Katera fotografija, ki je bila kdaj posneta, je najbolj smešna?;quora
sintaktično_parafraziranje;sprememba_vrstnega_reda;Katera je najboljša spletna stran za nadgradnjo znanja Pythona?;Katera spletna stran za nadgradnjo znanja Pythona je najboljša?;quora
sintaktično_parafraziranje;sprememba_vrstnega_reda;Kaj naj storim, če sem pozabil svoj iCloud e-poštni naslov in geslo?;Če sem pozabil svoj iCloud e-poštni naslov in geslo, naj storim kaj?;quora
sintaktično_parafraziranje;sprememba_vrstnega_reda;Katero programsko opremo za urejanje videoposnetkov uporabljajo YouTuberji?;Katero programsko opremo uporabljajo YouTuberji za urejanje videoposnetkov?;quora
sintaktično_parafraziranje;sprememba_vrstnega_reda;Moj prenosni računalnik prikazuje omejen dostop do interneta prek domače WiFi povezave.;Prek domače WiFi povezave, moj prenostni računalnik prikazuje omejen dostop do interneta.;quora
sintaktično_parafraziranje;sprememba_vrstnega_reda;"Billboard je o pesmi napisal: ""Poznaš ritem, zdaj ujemi groove."" ";"O pesmi je Billboard napisal: ""Poznaš ritem, zdaj ujemi groove.""";paws
sintaktično_parafraziranje;sprememba_vrstnega_reda;Kraljevi kolidž za glasbo je skupaj z Natalijo imenoval Petra Starka za profesorja dirigiranja.;Kraljevi kolidž za glasbo je imenoval Natalijo skupaj z Maestrom Petrom Starkom za profesorja dirigentov.;paws
sintaktično_parafraziranje;sprememba_vrstnega_reda;Izšel je kot digitalni prenos 6. aprila 2010 in je bil objavljen na radiu Modern Rock v Združenih državah 5. maja 2010.;6. aprila 2010 je izšel kot digitalni prenos, medtem ko je bil 5. maja 2010 predvajan na ameriškem radiu Modern Rock.;paws
sintaktično_parafraziranje;sprememba_vrstnega_reda;Mine Bengidzakiwe je tradicionalna pesem, ki se poje na domačih slovesnostih v Svazi, ki je postala lokalna uspešnica leta 2007.;Tradicionalna pesem Mine Bengidzakiwe, ki se poje na slovesnostih v Svazi, je leta 2007 postala lokalna uspešnica.;paws
sintaktično_parafraziranje;sprememba_vrstnega_reda;Leta 1941 se je Ruth Stuber poročila z Armandom L. Jeanne.;Ruth Stuber se je z Armandom L. Jeanne poročila leta 1941.;paws
sintaktično_parafraziranje;sprememba_vrstnega_reda;Privzeti največji hitrostni omejitve veljajo za vse ceste, kjer še ni v veljavi nobena posebna nižja numerična hitrostna omejitev.;Na vseh cestah, kjer ni določene nižje numerične omejitve, veljajo privzete največje hitrostne omejitve.;paws
sintaktično_parafraziranje;sprememba_vrstnega_reda;Leta 1985 je Mammootty prejel posebno omembo nagrade Kerala State Film Award in osvojil nagrado Filmfare za svojo vlogo kot Ravi Varma.;Mammootty je za vlogo Ravi Varme leta 1985 prejel posebno omembo pri nagradi Kerala State Film Award in osvojil Filmfare nagrado.;paws
sintaktično_parafraziranje;sprememba_vrstnega_reda;Leta 2010 je bila obnovljena z novimi avtobusi in nadgrajena v začetku leta 2011.;Obnova z novimi avtobusi se je začela leta 2010, nadgradnja pa je sledila v začetku leta 2011.;paws
sintaktično_parafraziranje;sprememba_vrstnega_reda;"Sabate je prevedel v angleščino tudi biografijo Francisca Sabate Lloparta, ""Christie: Izjemna gverilka"", avtorja Antonia Télleza Solá. ";"Biografijo Francisca Sabate Lloparta z naslovom ""Christie: Izjemna gverilka"", ki jo je napisal Antonio Téllez Solá, je Sabate prav tako prevedel v angleščino.";paws
sintaktično_parafraziranje;sprememba_vrstnega_reda;Avgusta 2012 je par dobil prvega otroka, Shalka mlajšega, leta 2014 pa se je rodil njun drugi sin Nicol.;Prvega sina, Shalka mlajšega, je par dobil avgusta 2012, medtem ko se je njun drugi otrok Nicol rodil leta 2014.;paws
sintaktično_parafraziranje;sprememba_vrstnega_reda;Ernakulam je sedež dodatnega okrožnega sodišča North Paravur.;Sedež dodatnega okrožnega sodišča North Paravur se nahaja v Ernakulamu.;paws
sintaktično_parafraziranje;sprememba_vrstnega_reda;Perot se je rodil in odraščal v Dallasu, sin Margot (roj. Birmingham) in Rossa Perota.;Rodil se je in odraščal v Dallasu, sin Rossa Perota in Margot (roj. Birmingham).;paws
sintaktično_parafraziranje;sprememba_vrstnega_reda;Elati je vas v regijski enoti Kozani v Grčiji.;Elati je vas v regijski enoti Grčije, Kozani.;paws
sintaktično_parafraziranje;sprememba_vrstnega_reda;Leta 2004 je Bessonova osvojila srebrno medaljo v vseh disciplinah na evropskem prvenstvu leta 2004.;Bessonova je leta 2004 osvojila srebrno medaljo na evropskem prvenstvu.;paws
sintaktično_parafraziranje;sprememba_vrstnega_reda;"Z vrha nasipa je Moriarty pomislil: ""Čez nekaj minut bo odnesen ali pa bo umrl zaradi mraza.""";Čez nekaj minut bo odnesen ali pa bo umrl zaradi mraza, je pomislil Moriarty z vrha nasipa.;microsoft_msr
sintaktično_parafraziranje;sprememba_vrstnega_reda;Glede na interpretacijo referenčne stopnje v f510a, morda ni obvezno.;Morda ni obvezno, glede na interpretacijo referenčne stopnje v f510a.;paranmt_small
sintaktično_parafraziranje;sprememba_vrstnega_reda;Dva konja in osel so bili zavezani ob ograji, glave so bile sklonjene in sežigali so suho travo.;Sežigali so suho travo in glave so bile sklonjene, dva konja in osel so bili zavezani ob ograji.;paranmt_small
sintaktično_parafraziranje;sprememba_vrstnega_reda;Ali bi to storil, če bi bila situacija obrnjena?;Če bi bila situacija obrnjena, ali bi to storil?;paranmt_small
sintaktično_parafraziranje;sprememba_vrstnega_reda;Načrtovali smo, da bomo na njegov rojstni dan vozili njegovo kolo.;Na njegov rojstni dan smo načrtovali, da bomo vozili njegovo kolo.;paranmt_small
sintaktično_parafraziranje;sprememba_vrstnega_reda;Napisal bom pismo preden se stemni.;Preden se stemni bom napisal pismo.;paranmt_small
sintaktično_parafraziranje;sprememba_vrstnega_reda;Če ne bi bilo zanj, nikoli ne bi šel v posel s Santyjem.;Nikol ne bi šel v posel s Santyem, če ne bi bilo zanj.;paranmt_small
sintaktično_parafraziranje;aktivno_pasivna_sprememba;Kako se naučiti japonsko v 2 mesecih?;Kako si se naučil/a japonsko?;quora
sintaktično_parafraziranje;aktivno_pasivna_sprememba;Kako se spopasti s prekinitvijo?;Kako naj se spopadem s svojo prvo prekinitvijo?;quora
sintaktično_parafraziranje;aktivno_pasivna_sprememba;V dveh dneh, kako naj se pripravim na Mu Sigma?;Kateri je najboljši način priprave na Mu Sigma?;quora
sintaktično_parafraziranje;aktivno_pasivna_sprememba;Kako blizu smo tretji svetovni vojni in kako huda bi bila?;Kako blizu je tretja svetovna vojna?;quora
sintaktično_parafraziranje;aktivno_pasivna_sprememba;Kaj so nekatera najbolj tehnična vprašanja, postavljena na razgovoru?;Kaj so vprašanja, ki jih postavi intervjuer na tehničnem razgovoru?;quora
sintaktično_parafraziranje;aktivno_pasivna_sprememba;Kako se izogniti bruhanju med potovanjem po hribovitih območjih?;Zakaj ljudje bruhanje med potovanjem v avtobusih?;quora
sintaktično_parafraziranje;aktivno_pasivna_sprememba;Kako se lahko naučim programskega jezika Java?;Kaj je programiranje v Javi? Kako se naučiti programskega jezika Java?;quora
sintaktično_parafraziranje;aktivno_pasivna_sprememba;Kako ugotovim, ali je nekdo inteligenten?;Ali je mogoče majhno pogovarjanje uporabiti za preizkus inteligence nekoga?;quora
sintaktično_parafraziranje;aktivno_pasivna_sprememba;Katera je najboljša aplikacija za javni prevoz v Berlinu?;Katere so najboljše aplikacije za javni prevoz, ki mi pomagajo v Berlinu?;quora
sintaktično_parafraziranje;aktivno_pasivna_sprememba;Kako ste naučili svojega otroka, da ne laže?;Kakšni so dobri načini za učenje otrok, da ne lažejo?;quora
sintaktično_parafraziranje;aktivno_pasivna_sprememba;Ali je mogoče izumiti časovni stroj?;Lahko ustvarimo časovni stroj?;quora
sintaktično_parafraziranje;aktivno_pasivna_sprememba;Katere spletne strani uporabljate vsak dan?;Katere spletne strani je vredno obiskovati vsak dan?;quora
sintaktično_parafraziranje;aktivno_pasivna_sprememba;Kateri so nekateri indie bendi, vredni poslušanja?;Kateri bendi me lahko prepričajo, da jo poskusim?;quora
sintaktično_parafraziranje;aktivno_pasivna_sprememba;Koliko vprašanj ste postavili na Quori?;Koliko vprašanj je bilo postavljenih na Quori?;quora
sintaktično_parafraziranje;aktivno_pasivna_sprememba;Kakšne so možnosti, da dobim svoj telefon nazaj, ko mi ga je nekdo ukradel iz žepa med potovanjem z lokalnim vlakom v Mumbaju?;Kakšna je možnost, da dobim nazaj mobilni telefon, izgubljen v mumbajskih lokalnih vlakih?;quora
sintaktično_parafraziranje;aktivno_pasivna_sprememba;Kako postati vojaški pilot?;Kako lahko postanem vojaški pilot?;quora
sintaktično_parafraziranje;aktivno_pasivna_sprememba;Kako se bolje osredotočiti pri študiju?;Kako se lahko dobro osredotočim pri študiju?;quora
sintaktično_parafraziranje;aktivno_pasivna_sprememba;Zakaj nekateri ljudje dobijo svoje najboljše ideje med tuširanjem?;Zakaj najboljše ideje pridejo med tuširanjem?;quora
sintaktično_parafraziranje;aktivno_pasivna_sprememba;Kako določite, koliko krvi lahko darujete?;Koliko krvi se lahko daruje na enkrat?;quora
sintaktično_parafraziranje;aktivno_pasivna_sprememba;Zakaj ljudje gledajo novice?;Zakaj so novice gledane?;quora
sintaktično_parafraziranje;aktivno_pasivna_sprememba;Elektronski vsadek je pomagal Limbaughu povrniti večino svojega sluha.;Sluh je bil delno obnovljen z elektronskim vsadkom za uho.;microsoft_msr
sintaktično_parafraziranje;aktivno_pasivna_sprememba;Obisk ministra Sauda al-Faisala je bil razkrit s strani dveh uradnikov administracije.;Dva uradnika administracije sta razkrila obisk ministra Sauda al-Faisala.;microsoft_msr
sintaktično_parafraziranje;aktivno_pasivna_sprememba;Cena zlata je bila navedena pri 367,90/368,60 dolarja na unčo.;Trgovci so navedli ceno zlata pri 367,90/368,60 dolarja na unčo.;microsoft_msr
sintaktično_parafraziranje;aktivno_pasivna_sprememba;Po sporočilu javnosti, poslanem s strani fundacije Terry Schindler-Schiavo, bo floridski govornik Johnie Byrd predstavil”Terriin zakon”.;Fundacija Terry Schindler-Schiavo je v sporočilu za javnost napovedala, da bo “Terriin zakon” predstavljen s strani floridskega govornika Johnie-a Byrd-a.;microsoft_msr
sintaktično_parafraziranje;aktivno_pasivna_sprememba;Mark Beaumont, novinar pri glasbeni reviji NME, prave, da ne pričakuje navdušenega sprejema za Jacksona.;Za Jacksona se ne pričakuje navdušenega sprejema, pravi Mark Beaumont iz revije NME.;microsoft_msr
sintaktično_parafraziranje;aktivno_pasivna_sprememba;Predstavnik Merrill Lynch je dejal: “Zadovoljni smo z odločitvijo sodnika.”;Odločitev sodnika je bila pozitivno sprejeta s strani predstavnika Merrilla Lyncha.;microsoft_msr
sintaktično_parafraziranje;aktivno_pasivna_sprememba;Drugje v kinematografih je ‘X2’ zaslužil 17,1 miljona dolarjev.;17,1 miljona dolarjev je bilo zasluženih s filmom ‘X2’ v različnih kinematografih.;microsoft_msr
sintaktično_parafraziranje;aktivno_pasivna_sprememba;Potnik Keith Charlton je pohvalil prizadevanja glavnega stevarda.;Prizadevanja glavnega stevarda so bila pohvaljena s strani potnika Keitha Charltona.;microsoft_msr
sintaktično_parafraziranje;aktivno_pasivna_sprememba;Naključno testiranje varnostnih postopkov bi moralo normalno potekati.;Pristojni ograni bi moral normalno izvajati testiranje varnostnih postopkov.;microsoft_msr
sintaktično_parafraziranje;aktivno_pasivna_sprememba;Izgube so se zgodile čez noč v Willow Canyonu, enem o treh območij, ki so bila ogrožena zaradi požara.;Požar je čez noč povzročil izgube v Willow Canyonu, enem od treh ogroženih območij.;microsoft_msr
sintaktično_parafraziranje;aktivno_pasivna_sprememba;Podjetje trdi, da je to največja prodaja Xserveov s strani znamke Apple.;Trdi se, da je to največja prodaja Xserveov, ki jih je izvedla znamka Apple.;microsoft_msr
sintaktično_parafraziranje;nominalizacija;Ali bo zmaga Donalda Trumpa vplivala na Indijo?;Kako bo Donald Trump koristil Indiji?;quora
sintaktično_parafraziranje;nominalizacija;Koliko stanejo zobni vsadki v Indiji?;Kakšna je cena zobnih vsadkov: Indija?;quora
sintaktično_parafraziranje;nominalizacija;Ali so ljubitelji jajc vegetarijanci?;Ali se jajca in mleko štejeta za vegetarijansko ali nevegetarijansko hrano?;quora
sintaktično_parafraziranje;nominalizacija;Kakšna je razlika med amaterskim (ham) radiem in CB radiem?;Kako se razlikujeta HAM Radio in CB Radio?;quora
sintaktično_parafraziranje;nominalizacija;Kaj naj storim, da izboljšam svoj angleščino?;Kateri je najboljši način za hitro izboljšanje mojega govornega angleščino?;quora
sintaktično_parafraziranje;nominalizacija;Na kakšen način bi lahko naučil svoje otroke, kako vrednotiti denar?;Kako bi naučili svoje otroke vrednosti denarja?;quora
sintaktično_parafraziranje;nominalizacija;Kaj povzroča, da se Zemlja vrti okoli svoje osi?;Kaj je vzrok za vrtenje Zemlje okoli svoje osi?;quora
sintaktično_parafraziranje;nominalizacija;Kaj povzroča prezgodnji porod?;Kateri so vzroki za prezgodnji porod?;quora
sintaktično_parafraziranje;nominalizacija;Kakšna je razlika med kitajsko poročno slovesnostjo in zahodno poročno slovesnostjo?;Kaj je razlika med kitajskim in zahodnim slogom poroke?;quora
sintaktično_parafraziranje;nominalizacija;Kaj pomeni profesionalnost?;"Kaj pomeni biti ""profesionalen""?";quora
sintaktično_parafraziranje;nominalizacija;Kako naj bom tekoče govoreč v angleščini?;Kako govoriti tekoče angleško?;quora
sintaktično_parafraziranje;nominalizacija;Kako izračunati ekvivalentno upornost vezja?;Kakšen je izračun za ekvivalentno upornost vezja?;quora
sintaktično_parafraziranje;nominalizacija;Kako je študirati računalništvo na MIT-u?;Kako je biti študent računalništva na MIT-u?;quora
sintaktično_parafraziranje;nominalizacija;Kako postati boljši pri odločanju?;Kako postati boljši odločevalec?;quora
sintaktično_parafraziranje;nominalizacija;Kako registriram logotip v Ameriki?;Kako poteka registracija logotipa v Ameriki?;quora
sintaktično_parafraziranje;nominalizacija;Kako lahko uravnotežim kemijske enačbe?;Kako poteka uravnoteženje kemijskih enačb?;quora
sintaktično_parafraziranje;nominalizacija;Kako vemo, da je radiokarbonsko datiranje natančno?;Kakšna je natančnost radiokarbonskega datiranja?;quora
sintaktično_parafraziranje;nominalizacija;Mislim, da je to delo arheologa, da prepiše zgodovino.;Mislim, da je to delo arheologov – spremembe v zgodovinskih knjigah.;paranmt_small
sintaktično_parafraziranje;nominalizacija;Najboljši način za zatiranje govoričenja je nastopiti z resnico.;Najboljši način za zatiranje govoric je povedati resnico.;paranmt_small
sintaktično_parafraziranje;nominalizacija;Marsh je slišal njene korake, ko se je premikala proti Joshui.;Marsh je slišal njeno korakanje, ko je hodila k Joshui.;paranmt_small
sintaktično_parafraziranje;nominalizacija;Joan je prikimala, in oba sta se strinjala, da sta Cassijina negotovost in tesnoba posledica njenega zavezanega in predanega dela.;Joan je prikimala, oba pa sta se strinjala, da Cassiejina negotovost in tesnoba izhajata iz odgovornosti in gorečnosti.;paranmt_small
sintaktično_parafraziranje;nominalizacija;Rekel sem, da je moj posvojeni sin.;Rekel sem, da je posvojen.;paranmt_small
sintaktično_parafraziranje;nominalizacija;Zaposleni pripravljajo pravila za boj proti zlorabam trgovanja.;Zaposleni so v fazi priprve pravil za boj proti zlorabljanju trga.;microsoft_msr
sintaktično_parafraziranje;nominalizacija;To poročilo ne poskuša obravnavati kompleksnosti tega vprašanja.;To poročilo ne vključuje obravnave kompleksnosti tega vprašanja.;microsoft_msr
sintaktično_parafraziranje;nominalizacija;Naredili bomo vse, kar je v naši moči, da čim prej vrnemo denar.;Naš cilj je čim prejšnja vrnitev denarja potrošnikom.;microsoft_msr
sintaktično_parafraziranje;nominalizacija;Davkoplačevalci lahko uporabijo interaktivne funkcije za sledenje vračilom in kreditom.;Davkoplačevalci lahko sledijo vračilom in kreditom prek interaktivnih funkcij.;microsoft_msr
sintaktično_parafraziranje;nominalizacija;Delnice Microsofta so padle za 1 cent.;Prišlo je do padca delnic Microsofta za 1 cent.;microsoft_msr
sintaktično_parafraziranje;nominalizacija;95 odstotkov teh infomacij bi lahko bilo deklasificiranih.;Po njegovem mnenju bi bila mogoča deklasifikacija 95 odstotkov teh informacij.;microsoft_msr
sintaktično_parafraziranje;nominalizacija;Enako roverji bodo delovali kot robtski geologi, ki iščejo dokaze o pretekli vodi.;Enaki roverji bodo delovali kot robotski geologi, katerih naloga bo iskanje dokazov o pretekli vodi.;microsoft_msr
sintaktično_parafraziranje;nominalizacija;Tisti brez interneta se lahko prijavijo po telefonu.;Tisti brez interneta lahko opravijo prijavo po telefonu.;microsoft_msr
sintaktično_parafraziranje;nominalizacija;Costina v polfinalu čaka še Juan C. Ferrero, ki ga je premagal v lanskem finalu.;Costina v polfinalu čaka še Juan C. Ferrero, zmagovalec lanskega finalnega obračuna med njima.;microsoft_msr
semantično_parafraziranje;sprememba_modalnosti;Katero lesno lepilo bi bilo najboljše za popravilo kriketovega kija?;Katero lepilo je najboljše za popravilo kriketovega kija?;quora
semantično_parafraziranje;sprememba_modalnosti;Ali so agenti Tajne službe, ki varujejo politike, izbrani za dolžnost glede na svojo politično pripadnost?;Ali lahko politična prepričanja agenta Tajne službe vplivajo na njegovo dolžnost?;quora
semantično_parafraziranje;sprememba_modalnosti;Kateri je najboljši način za pošiljanje faksa iz Avstralije v Združene države?;Kako lahko pošljem faks iz Avstralije v Združene države?;quora
semantično_parafraziranje;sprememba_modalnosti;Kaj moramo storiti, da postanemo najboljši razvijalec programske opreme?;Kaj je treba storiti, da postanemo dober razvijalec programske opreme?;quora
semantično_parafraziranje;sprememba_modalnosti;Kako lahko vidim zaseben Instagram račun?;Ali lahko vidim zaseben Instagram račun?;quora
semantično_parafraziranje;sprememba_modalnosti;Ali je tretja svetovna vojna neizogibna?;Prihaja tretja svetovna vojna?;quora
semantično_parafraziranje;sprememba_modalnosti;Kakšne so razlike med ljubezensko in dogovorjeno poroko?;Katera je boljša: dogovorjena poroka ali ljubezenska poroka?;quora
semantično_parafraziranje;sprememba_modalnosti;Zakaj ni ničesar, kar bi potovalo hitreje od hitrosti svetlobe?;Kako vemo, da nič ne more potovali hitreje od hitrosti svetlobe?;quora
semantično_parafraziranje;sprememba_modalnosti;Ali se lahko učim med spanjem?;Kako se lahko učim učinkovito med spanjem?;quora
semantično_parafraziranje;sprememba_modalnosti;Kako je mogoče potovanje v času?;Ali menite, da je potovanje v času mogoče?;quora
semantično_parafraziranje;sprememba_modalnosti;Ali je mogoče ustvariti brezplačno energijo?;Kako ustvarimo brezplačno energijo?;quora
semantično_parafraziranje;sprememba_modalnosti;Kako se svetloba upogiba z gravitacijo?;Če gravitacija upogiba svetlobo, ali lahko svetloba upogne gravitacijo?;quora
semantično_parafraziranje;sprememba_modalnosti;Ali so vsi inteligentni ljudje introvertirani?;Ali so inteligentni ljudje bolj nagnjeni k introvertnosti?;quora
semantično_parafraziranje;sprememba_modalnosti;Verjetno bi ga lahko ponovno umerili.;Lahko ga ponovno umerijo.;paranmt_small
semantično_parafraziranje;sprememba_modalnosti;Nikoli mu nisi verjel, ko ti je povedal resnico.;Nisi mu verjel, čeprav ti je povedal resnico.;paranmt_small
semantično_parafraziranje;sprememba_modalnosti;Povej jim, naj odstranijo urok, potem se bom lahko boril.;Povej jim, naj prekinejo urok, potem se bom lahko branil.;paranmt_small
semantično_parafraziranje;sprememba_modalnosti;Pravzaprav obstaja pomanjkanje razumevanja na tej strani mize.;Pravzaprav obstaja znatno pomanjkanje razumevanja na tej strani mize.;paranmt_small
semantično_parafraziranje;sprememba_modalnosti;Pitje kofeinske kave lahko bistveno zmanjša tveganje za diabetes tipa 2, najpogostejšo obliko bolezni.;Študija je ugotovila, da pitje več kave lahko zmanjša tveganje za razvoj najpogostejše oblike sladkorne bolezni.;microsoft_msr
semantično_parafraziranje;sprememba_modalnosti;Podjetje je sporočilo, da bo objekt zaposloval 1.000 ljudi, ko bo v celoti zgrajen.;Ko bo objekt v celoti delujoč, naj bi zaposloval do 1.000 ljudi.;microsoft_msr
semantično_parafraziranje;sprememba_modalnosti;Konča se nocoj, je z zaskrbljenim glasom napovedal Keanu Reeves v napovedniku za film The Matrix Revolutions.;Konča se nocoj, je zamišljeno povedan Keanu Reeves v napovedniku za film The Matrix Revolution.;microsoft_msr
semantično_parafraziranje;sprememba_modalnosti;Osebe, ki trpijo za to motnjo, absorbirajo prekomerne količine železa, kar privede do poškodb možganov.;Osebe, ki trpijo za to motnjo, lahko absorbirajo prekomerne količine železa, kar bi lahko privedlo do poškodb možganov.;microsoft_msr
semantično_parafraziranje;sprememba_modalnosti;Počasi premikajoča se tropska nevihta je v petek že prepojila namočeno Florido, kar bo še dodatno preizkusilo že napolnjena jezera in reke.;Približajoča se tropska nevihta je v petek prelila Florido, kar bi lahko še dodatno obremenilo napolnjena jezera in reke.;microsoft_msr
semantično_parafraziranje;sprememba_modalnosti;Ko sem nazadnje govoril z njim, sem mislil, da je to že končno.;Ko sem nekaj časa nazaj govoril z njim, sem slutil, da je to že končno.;microsoft_msr
semantično_parafraziranje;sprememba_modalnosti;Sodnik okrožnega sodišča ZDA, skupina Aviation Trail in drugi so sprejeli odločitev, da zaščitjo in polepšajo to, kar je ostalo.;Sodnik okrožnega sodišča ZDA, skupina Aviation Trail in drugi so sprejeli odločitev, za katero menijo, da bi lahko zaščitila in polepšala to, kar je ostalo.;microsoft_msr
semantično_parafraziranje;sprememba_modalnosti;Ne želim biti prisoten na pričanjem, je povedal sodniku.;Nikakor noče biti prisoten na pričanju, je povedal sodniku.;microsoft_msr
semantično_parafraziranje;sprememba_modalnosti;Najnovejši napad je sledil le dva dni po tem.;Naslednji napad je domnevno sledil dva dni po tem.;microsoft_msr
semantično_parafraziranje;sprememba_modalnosti;Vedno sem se trudil biti iskren, je zatrdil in presenetil javnost.;Želel sem biti iskren, je povedal in presenetil javnost.;microsoft_msr
semantično_parafraziranje;sprememba_modalnosti;Prijatelji so se poslovili po dvournem finalu.;Kolegi so se poslovili po večurnem finalu.;microsoft_msr
semantično_parafraziranje;sprememba_modalnosti;Westfield bo nadaljeval pogovore.;Westfield namerava nadaljevati pogovore.;microsoft_msr
semantično_parafraziranje;sprememba_modalnosti;Spike Lee ne verjame več, da je Viacom namerno trgovalo z njegovim imenom.;Spike Lee ni več prepričan, da je Viacom namerno izkoristil njegovo ime.;microsoft_msr
semantično_parafraziranje;sprememba_modalnosti;Sedem od devet glavnih kandidatov se bo udeležilo foruma.;Večina kandidatov se bo menda udeležila foruma.;microsoft_msr
semantično_parafraziranje;sprememba_fokusa;Kako nastanejo limfni vozli?;Kaj so limfni vozli?;quora
semantično_parafraziranje;sprememba_fokusa;Kaj so najboljše stvari za nakup na Amazonu?;Kaj je najboljša stvar, ki jo lahko kupim za 2€ na Amazonu?;quora
semantično_parafraziranje;sprememba_fokusa;Kakšne so slabosti uporabe Firebase kot ozadja za mobilno aplikacijo?;Kaj je bolje ustvariti ozadje za mobilno spletno aplikacijo, Stamplay ali Firebase?;quora
semantično_parafraziranje;sprememba_fokusa;Katera so nekatera najbolj napačno slišana besedila pesmi vseh časov?;Katera so vaša najljubša napačno slišana besedila pesmi?;quora
semantično_parafraziranje;sprememba_fokusa;Kje se pojavljajo jedrske reakcije na Soncu?;Zakaj se pojavljajo jedrske reakcije na Soncu?;quora
semantično_parafraziranje;sprememba_fokusa;Kakšne so glavne uporabe računalniškega omrežja?;Kaj je računalniško omrežje?;quora
semantično_parafraziranje;sprememba_fokusa;Zakaj se plazma šteje za četrto stanje snovi?;Ali se plazma šteje za 4. stanje snovi?;quora
semantično_parafraziranje;sprememba_fokusa;Kdaj so ljudje začeli dajati sebi imena?;Kakšna je zgodovina imen?;quora
semantično_parafraziranje;sprememba_fokusa;Kdo je bil Koundinya Rishi?;Zakaj je Koundinya Rishi tako pomemben?;quora
semantično_parafraziranje;sprememba_fokusa;Kaj povzroči, da se nekdo zaljubi v vas?;Ali lahko nekoga prepričate, da se zaljubi v vas?;quora
semantično_parafraziranje;sprememba_fokusa;Kolikšen odstotek populacije ima dve različno obarvani očesi?;Kako deluje heterokromija iridum (dve različno obarvani očesi)?;quora
semantično_parafraziranje;sprememba_fokusa;Na kakšen način si najmanj želite umreti?;Kateri je vaš najmanj zaželeni vzrok smrti?;quora
semantično_parafraziranje;sprememba_fokusa;Kako postaviti vprašanje na Quori, da ne bo označeno kot potrebno izboljšanje?;Zakaj Quora vedno označuje vsa moja vprašanja kot potrebna izboljšanja?;quora
semantično_parafraziranje;sprememba_fokusa;Ali bi lahko magnete uporabili za čiščenje vesoljskih odpadkov?;Kako bi lahko očistili vesoljske odpadke v zemeljski orbiti?;quora
semantično_parafraziranje;sprememba_fokusa;Ali ljudje aktivno nadzorujejo svoja čustva?;Kako pridobiti čustveno inteligenco in nadzorovati svoja čustva?;quora
semantično_parafraziranje;sprememba_fokusa;Ali so alergije na hrano pogostejše v ZDA?;Zakaj so alergije na hrano tako pogoste v ZDA?;quora
semantično_parafraziranje;sprememba_fokusa;Ples je bila edina telesna dejavnost, povezana z manjšim tveganjem za demenco.;Z izjemo plesa, telesna dejavnost ni zmanjšala tveganja.;microsoft_msr
semantično_parafraziranje;sprememba_fokusa;Trenutno ne moremo storiti ničesar, je dejal Stegman.;Ničesar ne moremo storiti, da bi ustavili pretok vode, je dejal Stegman.;microsoft_msr
semantično_parafraziranje;sprememba_fokusa;Zelo veseli so, ko se šalijo o napaki, kot je ta, je dejal Sosa.;Šaljenje o napaki, kot je ta, to ni nekaj, kar počnejo dobri ljudje.;microsoft_msr
semantično_parafraziranje;sprememba_fokusa;Gre samo za vprašanje časa, je dejal Frank McDonald z Univerze v Marylandu.;Vendar znanstveniki pod vodstvom fizika Franka McDonalda z Univerze v Marylandu tega ne soglašajo.;microsoft_msr
semantično_parafraziranje;sprememba_fokusa;Lani je naredil svoj prvi korak v javno politiko, ko je uspešno vodil kampanijo.;Uspešna kampanija za financiranje programov po pouku je pomenila njegov preboj v svet javne politike.;microsoft_msr
semantično_parafraziranje;sprememba_fokusa;Delnice EDS so v četrtek zaprle pri 18,51 dolarja, kar je pridobitev 6 centov na New York Stock Exchange.;Na borzi v New Yorku so delnice beležile skromen dvig, med njimi tudi EDS, ki je pridobil 6 centov.;microsoft_msr
semantično_parafraziranje;sprememba_fokusa;V mešanici starodavnih poganskih in sodobnih krščanskih obredov so vaščani izvedli serijo ceremonij v upanju, da bodo izbrisali nesreče, ki verjamejo, da so jih držale revne.;Vaščani, prepričani, da so jih nesreče pahnile v revščino, so se zatekli k obredom, ki združujejo poganske in krščanske elemente.;microsoft_msr
semantično_parafraziranje;sprememba_fokusa;Indeks Russell 2000, ki spremlja delnice manjših podjetij, je padel za 1,40 ali 0,3 odstotka na 408,83.;Padec indeksa Russell 2000, ključnega pokazatelja gibanja malih podjetij, kaže na negotovost v tem segmentu trga.;microsoft_msr
semantično_parafraziranje;sprememba_fokusa;"Najboljše, da so podporniki Davydenka naivno ignorirali teniško etiketo; v najslabšem primeru so goljufali - a niso bili kaznovani s strani sodnika Larsa Grafa. ";Čeprav je bilo vedenje podpornikov Davydenka sporno, sodnik Lars Graf ni posegel z nobenimi sankcijami, kot bi bilo pričakovati od njega.;microsoft_msr
semantično_parafraziranje;sprememba_fokusa;Japonski minister za finance Masajuro Shiokawa je dejal, da se je jen preveč okrepil, vendar ni želel komentirati, ali je Japonska posredovala na trgu, da bi ustavila rast jena.;Čeprav se je jen znatno okrepil, ostaja nejasno, ali je japonska vlada ukrepala, saj minister Shiokawa ni podal komentarja o morebitni intervenciji.;microsoft_msr
semantično_parafraziranje;sprememba_fokusa;Ameriški anglikanski svet, ki predstavlja konzervativne episkopalce, je dejal, da bo zaprosil za pooblastilo za ustvarjanje ločene province v Severni Ameriki zaradi dogodkov prejšnjega tedna.;Zaradi burnih dogodkov v preteklem tednu naj bi konservativni episkopalci želeli ustanoviti novo versko provinco v Severni Ameriki.;microsoft_msr
semantično_parafraziranje;sprememba_fokusa;Po treh mesecih so imeli udeleženci diete Atkins povprečno izgubo teže 14,7 kilogramov, v primerjavi s 5,8 kilogrami v konvencionalni skupini.;Razlika v izgubi teže med skupinama je bila izrazita – Atkinsovi udeleženci so izgubili skoraj trikrat več kot tisti na konvencionalni dieti.;microsoft_msr
semantično_parafraziranje;sprememba_fokusa;Jordan Green, O'Brienov zasebni odvetnik, je dejal, da nima komentarja.;Na vprašanja novinarjev v zvezi z O'Brienom ni bilo uradnega odziva, saj njegov odvetnik Jordan Green ni želel komentirati.;microsoft_msr
semantično_parafraziranje;sprememba_fokusa;Guidant je dejal, da bo še naprej pošiljal izdelek in zagotavljal podporo zdravnikom in pacientom do oktobra 2003.;Zdravniki in pacienti bodo še naprej prejemali podporo in izdelke podjetja Guidant vse do oktobra 2003.;microsoft_msr
semantično_parafraziranje;sprememba_fokusa;Drugje na severu je ameriški administrator za Irak.;Na severnem območju, vendar drugje, deluje ameriški administrator za Irak.;microsoft_msr
semantično_parafraziranje;časovno_aspektualne_spremembe;Kakšen vpliv bo imela prisotnost prevodnika med dvema točkovnima nabojema na Coulombovo silo med njima?;Kakšen vpliv ima prisotnost dielektrika med dvema točkovnima nabojema na Coulombovo silo med njima?;quora
semantično_parafraziranje;časovno_aspektualne_spremembe;Koliko stane razvoj aplikacije za Android v Indiji?;Koliko bo stala izdelava aplikacije za Android v Indiji?;quora
semantično_parafraziranje;časovno_aspektualne_spremembe;Kateri prenosni računalnik je najboljši za nakup v cenovnem razponu 30.000 Rs?;Kateri prenosni računalnik bo najboljši pod Rs 30.000?;quora
semantično_parafraziranje;časovno_aspektualne_spremembe;Ali lahko fant udari dekle, če ga napada?;Ali lahko fant udari dekle, če ga je ona udarila prva?;quora
semantično_parafraziranje;časovno_aspektualne_spremembe;Kako stopim v stik z hekerjem?;Kako bom stopil v stik z dobrim hekerjem?;quora
semantično_parafraziranje;časovno_aspektualne_spremembe;Kaj lahko storim, da izboljšam svojo angleščino?;Kako lahko nadaljujem z izboljševanjem svoje angleščine?;quora
semantično_parafraziranje;časovno_aspektualne_spremembe;Katero psihološko potrebo ljudi izpolnjuje 'zbiranje'?;Zakaj ljudje zbirajo stvari?;quora
semantično_parafraziranje;časovno_aspektualne_spremembe;Kako se lahko naučim računalniške varnosti?;Kako naj se učim informacijske varnosti?;quora
semantično_parafraziranje;časovno_aspektualne_spremembe;Kako plod diha, ko je v maternici?;Kako plod vdihne in izdihne v maternici?;quora
semantično_parafraziranje;časovno_aspektualne_spremembe;Zakaj me moj pes grize?;Zakaj me je moj pes ugriznil?;quora
semantično_parafraziranje;časovno_aspektualne_spremembe;Je ekonomija znanost?;Kako je ekonomija postala znanost?;quora
semantično_parafraziranje;časovno_aspektualne_spremembe;Ne, ne, mislil je, da je bila to moja napaka.;Misli, da je bila to moja napaka.;paranmt_small
semantično_parafraziranje;časovno_aspektualne_spremembe;Vsi so morda mislili, da je šla na sprehod.;Vsi so mislili, da gre na sprehod.;paranmt_small
semantično_parafraziranje;časovno_aspektualne_spremembe;Vseeno, nisem bil prepričan, da je Johnny to želel.;Ampak nisem prepričan, da si Johnny tega želi.;paranmt_small
semantično_parafraziranje;časovno_aspektualne_spremembe;In nazadnje - učinkovita logistika bo prispevala k energetski porabi.;Nazadnje lahko učinkovita logistika pomaga tudi spodbuditi povpraševanje po energiji in boljšemu upravljanju goriva.;paranmt_small
semantično_parafraziranje;časovno_aspektualne_spremembe;Ampak zakaj je čarovnik tako vztrajen?;Ampak zakaj je čarovnik vztrajal?;paranmt_small
semantično_parafraziranje;časovno_aspektualne_spremembe;Pravkar je prispelo sporočilo od hierarha, vaša veličanstvo.;Pravkar prihaja sporočilo od hierarha, vaše veličanstvo.;paranmt_small
semantično_parafraziranje;časovno_aspektualne_spremembe;Nizozemec potrebuje živo srce ali ne bo kapitana, in če ni kapitana, ni nikogar, ki bi imel ključ.;Nizozemec je rabil živo srce, kar je odločalo o tem, ali bo prisoten kapitan s ključem ali ne.;paranmt_small
semantično_parafraziranje;časovno_aspektualne_spremembe;Skupaj s Karen je Kristoffer imel osem otrok.;Skupaj imata Karen in Kristoffer osem otrok.;paws
semantično_parafraziranje;časovno_aspektualne_spremembe;Nikoli si nisem mislil, da bom to rekel, a skoraj sem pogrešal Vina Diesla na začetku.;Nikoli si nisem mislil, da bom napisal te besede, ampak gremo: Pogrešam Vina Diesla.;microsoft_msr
semantično_parafraziranje;časovno_aspektualne_spremembe;Vendar gospodarstvo ni pokazalo znakov trajnostne rasti.;Kljub temu gospodarstvo še ne kaže trajnostne rasti.;microsoft_msr
semantično_parafraziranje;časovno_aspektualne_spremembe;Že zdaj Kitajine poteze pošiljajo valove skozi regijo.;Že zdaj so posledice Kitajinih potez poslale valove skozi regijo.;microsoft_msr
semantično_parafraziranje;časovno_aspektualne_spremembe;Prairie psi, prodani kot eksotični ljubljenčki, naj bi bili okuženi v trgovini z živalmi v Illinoisu s gambijskim velikanskim podganjem uvoženim iz Afrike.;Prairie pse, ki se danes prodajajo kot eksotični ljubljenčki, domnevno okužuje gambijski velikanski podganej, ki ga uvažajo iz Afrike.;microsoft_msr
semantično_parafraziranje;časovno_aspektualne_spremembe;Pisanje varnih programov, ki prikažejo vektor okužbe, je zadostno brez vključevanja reprodukcijskih zaporedij.;Napisani varni programi, ki so prikazali vektor okužbe, so že zadostovali za dokaz ranljivosti, tudi brez reprodukcijskih zaporedij.;microsoft_msr
semantično_parafraziranje;časovno_aspektualne_spremembe;Po dogovoru bo SSE prodal energetske vire v Turčiji in Pakistanu podjetju International Power Plc za 21 milijonov funtov.;SSE je po dogovoru že prodal energetske vire v Turčiji in Pakistanu podjetju International Power Plc za 21 milijonov funtov.;microsoft_msr
semantično_parafraziranje;časovno_aspektualne_spremembe;Z vojsko je zapustil Sirijo, kjer je prejel versko usposabljanje.;Z vojsko zapušča Sirijo, kjer trenutno prejema versko usposabljanje.;microsoft_msr
semantično_parafraziranje;časovno_aspektualne_spremembe;Preiskovalci so v četrtek zvečer odkrili 4-palični košček kosti, vendar so oblasti dejale, da gre a kost živali.;Preiskovalci v četrtek zvečer najdejo 4-palični košček kosti, a oblasti navajajo, da gre za kost živali.;microsoft_msr
semantično_parafraziranje;časovno_aspektualne_spremembe;Sodni postopek, ki bi lahko trajal do začetka leta 2004, naj bi v petek slišal prvo od 125 prič.;Sodni postopek trenutno poteka in bo v petek slišal prvo od 125 prič.;microsoft_msr
semantično_parafraziranje;časovno_aspektualne_spremembe;Vendar pa so se cene zniževale za manj kot 30 odstotkov, v primerjavi z letom prej, v zadnjih dveh četrtletjih, je dejal analitik IDC John McArthur.;Po besedah analitika Johna McArthurja se cene v zadnjih dveh četrtletjih znižujejo za manj kot 30 odstotkov v primerjavi z lanskim letom.;microsoft_msr
semantično_parafraziranje;časovno_aspektualne_spremembe;Produkti, povezani s PC, so bili najmočnejši produkt julija, pri čemer so bili mikroprocesorji višji za 5,6 % in DRAM-i za 8,2 % v primerjavi z junijem, je dejala industrijska skupina.;Po podatkih industrijske skupine so produkti, povezani s PC, tudi ta mesec najmočnejši sektor, mikroprocesorji se še naprej dvigujejo za 5,6 %, DRAM-i pa za 8,2 %.;microsoft_msr
semantično_parafraziranje;časovno_aspektualne_spremembe;"Sodnik Philpot je rekel Dici: ""Ni dokazov o tvojem obžalovanju.""";Sodnik Philpot je požugal Dici, da ni bilo dokazov njegovem o obžalovanju.;microsoft_msr
pragmatično_parafraziranje;prilagajanje_tona;Oh, hej reševalci, kako zdraviti strelno rano?;Kako zdraviti strelne rane?;quora
pragmatično_parafraziranje;prilagajanje_tona;Zdaj, ko je Britanija glasovala za izstop iz EU, kaj se bo zgodilo?;Kakšne so prednosti in slabosti izstopa Velike Britanije/ostanka v EU?;quora
pragmatično_parafraziranje;prilagajanje_tona;Ste kdaj doživeli spalno paralizo?;Imaš zanimivo zgodbo o spalni paralizi za delitev?;quora
pragmatično_parafraziranje;prilagajanje_tona;Kakšno je vaše mnenje o prepovedi 500 in 1000 rupijskih bankovcev v Indiji?;Kakšen bo rezultat prepovedi 500 in 1000 rupijskih bankovcev v Indiji?;quora
pragmatično_parafraziranje;prilagajanje_tona;Kaj lahko storim po končanju Bcom-a?;Kaj naj storim po končanju svojega Bcom-a?;quora
pragmatično_parafraziranje;prilagajanje_tona;Ali imate kakšne psihične sposobnosti?;Ali imaš psihično moč?;quora
pragmatično_parafraziranje;prilagajanje_tona;Si želiš postati predsednik?;Bi želeli postati predsednik?;quora
pragmatično_parafraziranje;prilagajanje_tona;Kakšen je smisel življenja?;Kakšen menite, da je namen življenja?;quora
pragmatično_parafraziranje;prilagajanje_tona;Je EagerPanda mrtev?;Je EagerPanda res tokrat mrtev?;quora
pragmatično_parafraziranje;prilagajanje_tona;Kaj pa načrtovanje programske opreme?;Kaj pomeni načrtovanje programske opreme?;quora
pragmatično_parafraziranje;prilagajanje_tona;Ali je mogoče umreti zaradi zlomljenega srca?;Menite, da je mogoče dejansko umreti zaradi zlomljenega srca?;quora
pragmatično_parafraziranje;prilagajanje_tona;Kam gremo, ko umremo?;Kam misliš, da dejansko gremo, ko umremo?;quora
pragmatično_parafraziranje;prilagajanje_tona;Ali obstaja življenje drugje v vesolju?;Ali menite, da je življenje kje drugje v vesolju?;quora
pragmatično_parafraziranje;prilagajanje_tona;Zakaj ves čas želim jokati?;Zakaj želim jokati?;quora
pragmatično_parafraziranje;prilagajanje_tona;Kdaj bomo imeli leteče avtomobile?;Kdaj bomo dobili te slavne leteče avtomobile?;quora
pragmatično_parafraziranje;prilagajanje_tona;Willy ni tukaj.;Ja, ampak Willy ni tukaj.;paranmt_small
pragmatično_parafraziranje;prilagajanje_tona;Lucy, cenim to, ampak ...;Lucy, cenim ...;paranmt_small
pragmatično_parafraziranje;prilagajanje_tona;Jaz, uh, sem udaril dve osebi nocoj.;Udaril sem dve osebi.;paranmt_small
pragmatično_parafraziranje;prilagajanje_tona;Uh, res bi morali razmisliti o tem, da pošljete Vallie v latinsko šolo v Oklahoma Cityju.;Resno bi morali razmisliti o vpisu Vallie v latinsko šolo v Oklahoma Cityju.;paranmt_small
pragmatično_parafraziranje;prilagajanje_tona;Pravzaprav sem trenutno na telefonu s svojim kiropraktikom, ker ... vem, da bo to trajalo le sekundo.;Na telefonu sem s svojim kiropraktikom, to bo samo trenutek.;paranmt_small
pragmatično_parafraziranje;prilagajanje_tona;Oh, želijo poganjati zalogo za novo trgovino plus v Augusti.;Želijo novo trgovino v Augusti.;paranmt_small
pragmatično_parafraziranje;prilagajanje_tona;Dovolite mi, da izkoristim to priložnost in opozorim, da danes izgledate posebej očarljivo.;Oh, Penny, dovoli mi, da izkoristim to priložnost in ti povem, da danes izgledaš posebej očarljivo.;paranmt_small
pragmatično_parafraziranje;prilagajanje_tona;Skladno z načrtom, predvidenim za sredino tedna v Washingtonu, bo GM vzpostavil dobavo tovornjakov, opremljenih s sistemi za pretvorbo gorivnih celic, za obrate podjetja Dow.;GM bo po sredinem načrtu Dowu dostavil tovornjake, ki imajo naprave za gorivne celice.;microsoft_msr
pragmatično_parafraziranje;prilagajanje_tona;Njegova sovražnost do teh ljudi je izhajala iz teh razprav in mu je pomagala utrditi prepričanje, da je nasilje panaceja.;Navedene razprave so vplivale na njegovo zaznavanje konfliktov in krepile njegov odnos do uporabe nasilja kot rešitve.;microsoft_msr
pragmatično_parafraziranje;prilagajanje_tona;V Evropi je francoski CAC-40 padel za 0,8 odstotka, britanski FTSE 100 je izgubil 0,9 odstotka, nemški indeks DAX pa je izgubil 1 odstotek.;Evropski borzni indeksi so danes malce padli – DAX je izgubil 1 %, FTSE in CAC pa sta tudi nekoliko zdrsnila.;microsoft_msr
pragmatično_parafraziranje;prilagajanje_tona;Royce je večkrat zatrdil, da njegov klient nima ničesar opraviti s podjetjem, ki stoji za E2.;Pravni zastopnik gospoda Hollinsa Jr., odvetnik Royce, je večkrat poudaril popolno odsotnost povezav med njegovim klientom in lastništvom podjetja E2.;microsoft_msr
pragmatično_parafraziranje;prilagajanje_tona;Skupina je odločno zavrnila vsakršno vpletenost v eksplozijo in poudarila svojo predanost premirju.;Vodstvo Islamskega džihada v Gazi je zanikalo bombni napad, pri čemer je dejalo, da je skupina še vedno zavezana prekinitvi ognja.;microsoft_msr
pragmatično_parafraziranje;prilagajanje_tona;Zdravila so v Kanadi do 50 odstotkov cenejša kot v Združenih državah zaradi vladnih cenovnih kontrol.;V Kanadi so zdravila pogosto precej cenejša kot v Ameriki – včasih tudi za polovico, ker tam država določa cene.;microsoft_msr
pragmatično_parafraziranje;prilagajanje_tona;Trgovci šepetajo o nočni intervenciji Japonske – saj naj bi jen iznenada poskočil na 116 proti dolarju.;Med tržnimi akterji so se pojavila špekulativna ugibanja, da je Japonska morda ponoči intervenirala, kar bi lahko pojasnilo okrepitev jena na 116 za dolar.;microsoft_msr
pragmatično_parafraziranje;prilagajanje_tona;Pristojnost za spremembe zakonodaje na področju onesnaževanja zraka bo prenesena na Agencijo za varstvo okolja.;Za nova pravila glede onesnaževanja bo odgovorna Agencija za varstvo okolja.;microsoft_msr
pragmatično_parafraziranje;prilagajanje_tona;To bo zgodovinsko dejstvo.;To bo za vedno zapisano v zgodovino.;microsoft_msr
pragmatično_parafraziranje;jedrnatost_razširjanje_konteksta;Kako izbrišem svoje vprašanje iz Quore?;Kako izbrišem svoje lastno vprašanje iz Quore?;quora
pragmatično_parafraziranje;jedrnatost_razširjanje_konteksta;Kakšno je delo pri Goldman Sachs v Londonu?;Kakšno je delo pri Goldman Sachs?;quora
pragmatično_parafraziranje;jedrnatost_razširjanje_konteksta;Kako prenehati občutiti negotovost?;Kako prenehati občutiti negotovost glede samega sebe?;quora
pragmatično_parafraziranje;jedrnatost_razširjanje_konteksta;Kaj naj preberem, da se naučim filozofije?;Katere knjige naj preberem, da se naučim več o filozofiji?;quora
pragmatično_parafraziranje;jedrnatost_razširjanje_konteksta;Kako lahko naredim zdravo domačo pico?;Kako lahko naredim zdravo pico? Ali obstaja recept zanjo?;quora
pragmatično_parafraziranje;jedrnatost_razširjanje_konteksta;Kako napisati poetično filozofski uvod v esej?;Kako napisati uvod v esej?;quora
pragmatično_parafraziranje;jedrnatost_razširjanje_konteksta;Ste že doživeli kaj nadnaravnega ali paranormalnega?;Ali ste doživeli kakšen paranormalni dogodek, ki ga znanost ne more pojasniti?;quora
pragmatično_parafraziranje;jedrnatost_razširjanje_konteksta;Kako veste, če vam nekdo dela črno magijo?;Kako veste, če nekdo dela črno magijo, ko ga pogledate?;quora
pragmatično_parafraziranje;jedrnatost_razširjanje_konteksta;Kaj menijo pakistanski ljudje o napadu v Uriju 18. septembra 2016?;Kaj menijo prebivalci Pakistana o napadu v Uriju?;quora
pragmatično_parafraziranje;jedrnatost_razširjanje_konteksta;Če blokiram osebo na WhatsApp in jo kasneje odblokiram, ali bom prejel sporočila, ki so mi bila poslana med blokiranjem pošiljatelja?;Kje lahko najdem sporočila blokiranih stikov, ki so mi jih poslali?;quora
pragmatično_parafraziranje;jedrnatost_razširjanje_konteksta;Ali obstaja globalno segrevanje?;Ali so podnebne spremembe zaradi globalnega segrevanja resnične ali prevara?;quora
pragmatično_parafraziranje;jedrnatost_razširjanje_konteksta;Kateri so najstarejši mostovi na svetu?;Kateri je najstarejši most na svetu in kako je bil zasnovan?;quora
pragmatično_parafraziranje;jedrnatost_razširjanje_konteksta;Od kje pride ime Quora?;Kaj točno pomeni ime Quora?;quora
pragmatično_parafraziranje;jedrnatost_razširjanje_konteksta;Kako bo prepoved bankovcev v vrednosti 500 in 1000 rupij vplivala na indijsko gospodarstvo?;Kako prepoved bankovcev v vrednosti 500/1000 rupij vpliva na različna področja indijskega gospodarstva?;quora
pragmatično_parafraziranje;jedrnatost_razširjanje_konteksta;Kakšno je vaše mnenje o prepovedi indijskih bankovcev v vrednosti 500 in 1000 rupij?;Na kakšen način bo prepoved bankovcev v vrednosti 500 in 1000 rupij vplivala na indijsko gospodarstvo?;quora
pragmatično_parafraziranje;jedrnatost_razširjanje_konteksta;Kako lahko bolje berem knjigo?;Ali je bolje pisati lastne opombe med branjem ali samo brati knjigo?;quora
pragmatično_parafraziranje;jedrnatost_razširjanje_konteksta;Kako študent matematike študira Korene in enačbe v matematiki na zelo enostaven način?;Kako študent matematike študira matematiko na zelo enostaven način?;quora
pragmatično_parafraziranje;jedrnatost_razširjanje_konteksta;Če nisem glasbeno nadarjen, kako se lahko enostavno naučim igrati kitaro?;Kako se lahko naučim igrati kitaro?;quora
pragmatično_parafraziranje;jedrnatost_razširjanje_konteksta;Če je lepota v očeh opazovalca, kaj je vrednost?;Ali je lepota v očeh opazovalca?;quora
pragmatično_parafraziranje;jedrnatost_razširjanje_konteksta;Ne!' je odgovorila Marie, glavo spuščeno, oči uprte v svojo uro.;Ne!' je rekla Marie šepetajoče in poudarjeno, z glavo spuščeno, pogled usmerjen v svojo uro na levi roki.;paranmt_small
pragmatično_parafraziranje;jedrnatost_razširjanje_konteksta;Eden izmed pionirjev je prišel vse do Kirklandove rdeče kravate in očitno je bil namenjen proti njegovemu obrazu.;Eden se je povzpel vse do Kirklandove rdeče kravate in očitno meril v njegov obraz.;paranmt_small
pragmatično_parafraziranje;jedrnatost_razširjanje_konteksta;Na obrazu je imela poleg solze tudi rahel nasmeh in prikimala je Petibwi, ki jo je začudeno pogledal.;Prikimala je Petibwi, ki jo je začudeno pogledal.;paranmt_small
pragmatično_parafraziranje;jedrnatost_razširjanje_konteksta;Varovanja si ne morejo privoščiti.;Varovanje Bibija bi smatrali za razkošje, ki si ga trenutno ne morejo privoščiti.;paranmt_small
pragmatično_parafraziranje;jedrnatost_razširjanje_konteksta;Želim obiskati svoje prijatelji na drugi strani oceana.;Najraje bi danes obiskal svoje prijatelje na vzhodu Japonske.;paranmt_small
pragmatično_parafraziranje;jedrnatost_razširjanje_konteksta;To je lepa ponudba, ampak mislim, da jo bo zamudil.;To je lepa ponudba, ampak predvidevam da jo bo zamudil, ker se dogovarja za nekaj še boljšega.;paranmt_small
pragmatično_parafraziranje;jedrnatost_razširjanje_konteksta;Tukaj bodo preživeli noč, pojdi po dve gostilniški sobi.;Zunaj je grozna nevihta, tako, da so se odločili, da bodo tukaj preživeli noč, zato te prosim, da greš po dve gostilniški sobi.;paranmt_small
pragmatično_parafraziranje;jedrnatost_razširjanje_konteksta;Specialisti prihajajo sem že desetletja, da nas trenirajo tako fizično kot mentalno.;Specialisti nas urijo že več 10 let.;paranmt_small
pragmatično_parafraziranje;jedrnatost_razširjanje_konteksta;Thaksin meni, da skupni rok za ASEAN ni nujen.;Po Thaksinovem mnenju ni smiselno določiti enotnega roka za vse države članice pri oblikovanju gospodarske skupnosti ASEAN, saj imajo različne razvojne ravni in potrebe.;microsoft_msr
pragmatično_parafraziranje;jedrnatost_razširjanje_konteksta;Guverner John Baldacci je poudaril svojo globoko hvaležnost in ponos nad odzivom ter solidarnostjo državljanov v teh zahtevnih časih.;Baldacci je izrazil ponos nad prebivalci.;microsoft_msr
pragmatično_parafraziranje;jedrnatost_razširjanje_konteksta;Hewitt je aprila izjavo priložil k tožbi po obvestilu ATP.;Po tem, ko so njegovi odvetniki ATP opozorili na morebitne pravne korake, je Hewitt aprila izdal dodatno izjavo, ki jo je pozneje vključil v svojo tožbo kot podporo svoji pravni argumentaciji.;microsoft_msr
pragmatično_parafraziranje;jedrnatost_razširjanje_konteksta;Sprejetje zakona o Medicare v Senatu se bo skoraj zagotovo zgodilo v ponedeljek.;Naslednji teden bodo sprejeli zakon.;microsoft_msr
pragmatično_parafraziranje;pretvorba_stavčnih_vrst;Ali obstaja možnost za osebni klepet na Quori?;Ali ni možnosti za klepet z osebo na Quori?;quora
pragmatično_parafraziranje;pretvorba_stavčnih_vrst;S katerim poslom naj začnem z 50 laki?;Imam 50 lakov in želim začeti nov posel.;quora
pragmatično_parafraziranje;pretvorba_stavčnih_vrst;Nihče drug tega ne more storiti, ali se strinjate?;Nihče drug tega ne more storiti.;paranmt_small
pragmatično_parafraziranje;pretvorba_stavčnih_vrst;Gospodična Kennedy, ali veste, da ima ta pištola občutljiv sprožilec?;Gospodična Kennedy, prosim, ta pištola ima občutljiv sprožilec!;paranmt_small
pragmatično_parafraziranje;pretvorba_stavčnih_vrst;ko sem bil tam, sem spal na tleh, uporabljal kamen za vzglavnik, kot jamski človek.;Ali veste, da ko sem bil tam, sem spal na tleh, s kamnito blazino pod glavo?;paranmt_small
pragmatično_parafraziranje;pretvorba_stavčnih_vrst;Ali je to res Davidov sin?;To vendar ni sin Davida, kajne?;paranmt_small
pragmatično_parafraziranje;pretvorba_stavčnih_vrst;to mora biti velik trenutek zate, kajne?;to mora biti velik trenutek zate.;paranmt_small
pragmatično_parafraziranje;pretvorba_stavčnih_vrst;Poglej, če se ne meniš za to, kaj si ljudje mislijo, potem te njihov smeh ne more prizadeti.;Če ti je mar, kaj si drugi mislijo, potem te bo njihov smeh prizadel.;paranmt_small
pragmatično_parafraziranje;pretvorba_stavčnih_vrst;Poslušaj, zdrži, in te bom poklical kasneje, v redu?;Poslušajte, ostanite tam, in poklical vas bom nazaj.;paranmt_small
pragmatično_parafraziranje;pretvorba_stavčnih_vrst;Včeraj svečer so v podporo izbruhnili divji klici med množico.;V podporo včeraj zvečer tudi množica ni ostala tiho.;paranmt_small
pragmatično_parafraziranje;pretvorba_stavčnih_vrst;Pridi z mano. Pokazal ti bom nekaj, kar te bo zelo razveselilo.;Ali prideš z mano, da ti pokažem nekaj, kar te zelo razveseli?;paranmt_small
pragmatično_parafraziranje;pretvorba_stavčnih_vrst;Predlagana pravna podlaga omogoča dodajanje k temu.;Predlagana pravna podlaga ne preprečuje dodatkov k temu, kajne?;paranmt_small
pragmatično_parafraziranje;pretvorba_stavčnih_vrst;In medtemko se je to dogajalo, sem ves čas razmišljal o tistem pacientu in kako bi si želel biti kot on.;Ali sem bil edini, ki je takrat razmišljal o pacientu in si želel biti kot on?;paranmt_small
pragmatično_parafraziranje;pretvorba_stavčnih_vrst;Pomembno je, da ostaneš skrit, ker kdo bi si mislil, da si oče svetnika?;Ker nihče ne bi verjel, da si oče svetnika, je pomembno, da ostaneš skrit.;paranmt_small
pragmatično_parafraziranje;pretvorba_stavčnih_vrst;Plemena za plemeni Fremencev so prihajala pred njega preko svojih delegatov in svojih naibov.;Ali niso fremenska plemena prihajala pred njega, predstavljena s svojimi odposlanci in naibi?;paranmt_small
pragmatično_parafraziranje;pretvorba_stavčnih_vrst;To je tisto, kar bi lahko imenovali vrednost poznavalca.;Ali ni to ravno tisto, čemur pravimo vrednost zbiralca?;paranmt_small
pragmatično_parafraziranje;pretvorba_stavčnih_vrst;Dobil je presadke kože in pet dni sedel z zravnanimi rokami.;Niti za trenutek ni premaknil rok med petdnevnim okrevanjem po presaditvi kože, kajne?;paranmt_small
pragmatično_parafraziranje;pretvorba_stavčnih_vrst;To je Ben Grimm, prvi fant iz Brooklyna, ki je šel v vesolje.;Ali ni to Ben Grimm, prvi fant iz Brooklyna, ki je letel v vesolje?;paranmt_small
pragmatično_parafraziranje;pretvorba_stavčnih_vrst;Posredujte informacije o oblikovanju sistema, npr. podrobnosti o ohišju.;Ali lahko posredujete informacije o oblikovanju sistema, na primer o ohišju?;paranmt_small
pragmatično_parafraziranje;pretvorba_stavčnih_vrst;Ali je ta izjemna tehnologija res manjša od palčke žvečilnega gumija?;Ta izjemna tehnologija res ni večja od palčke žvečilnega gumija.;paranmt_small
pragmatično_parafraziranje;pretvorba_stavčnih_vrst;Ali se spovniš, ko si nam povedal v okrožju Crawley?;Spomni se, ko si nam povedal v okrožju Crawley.;paranmt_small
pragmatično_parafraziranje;pretvorba_stavčnih_vrst;Če ljudje ne morejo najti odgovorov, ki jih iščejo, si jih bodo morda izmislili.;Kaj pa, če ljudje, ne morejo najti odgovorov, ki jih iščejo, ali si jih bodo izmislili?;paranmt_small
pragmatično_parafraziranje;pretvorba_stavčnih_vrst;Zdaj je mimo, privoščimo si čaj.;Bi si privoščili čaj, zdaj ko je mimo?;paranmt_small
pragmatično_parafraziranje;pretvorba_stavčnih_vrst;Oh, to je prekrasna umetnost 18.stoletja.;Oh, ali ni to prekrasna umetnost 18.stoletja?;paranmt_small
pragmatično_parafraziranje;pretvorba_stavčnih_vrst;Tu gre predvsem za organski mineral, morda kremen.;Ali se strinjate, da gre tu predvsem za organski mineral, verjetno kremen?;paranmt_small
pragmatično_parafraziranje;pretvorba_stavčnih_vrst;Po tem, ko so njegovi odvetniki ATP opozorili na morebitne pravne korake, je Hewitt aprila izdal dodatno izjavo, ki jo je pozneje vključil v svojo tožbo kot podporo svoji pravni argumentaciji.;Ali je Hewitt aprila izdal dodatno izjavo šele po tem, ko so njegovi odvetniki opozorili ATP na možne pravne korake?;microsoft_msr
pragmatično_parafraziranje;pretvorba_stavčnih_vrst;Ali je Thaksin res menil, da enoten rok za vse ni potreben pri ustvarjanju gospodarske skupnosti ASEAN?;Ni potrebe po enem roku za vse, da bi ustvarili gospodarsko skupnost ASEAN, je dejal Thaksin.;microsoft_msr
pragmatično_parafraziranje;pretvorba_stavčnih_vrst;Guverner John Baldacci ni skrival ponosa nad državljani svoje države.;Ali je guverner Baldacci izrazil ponos nad državljani te države?;microsoft_msr
pragmatično_parafraziranje;pretvorba_stavčnih_vrst;Prijave niso bile vložene pred tem, ko je župan Livingstone govoril o preprečenih napadih.;Ali so bile prijave vložene šele po tem, ko je župan Livingstone govoril o preprečenih napadih?;microsoft_msr
pragmatično_parafraziranje;pretvorba_stavčnih_vrst;Ni dejal, da njegova stran vodi – nakazal je možnost rahlega zaostanka.;Ali je priznal, da njegova stran morda zaostaja?;microsoft_msr
pragmatično_parafraziranje;pretvorba_stavčnih_vrst;Ali bi slaba odločitev glede Charleroija res povzročila velike posledice za državna regionalna letališča v Franciji?;Ni mogoče zanikati, da bi slaba odločitev glede Charleroija močno vplivala na državna regionalna letališča v Franciji.;microsoft_msr